capacity,score_cutoff,selected_rows,tn,fp,fn,tp,precision,recall,f1,f2,status
10,0.2762123645313064,10,21164,9,25,1,0.1,0.038461538461538464,0.05555555555555555,0.043859649122807015,weak_label_reference_only
25,0.2648362021803709,25,21149,24,25,1,0.04,0.038461538461538464,0.0392156862745098,0.03875968992248062,weak_label_reference_only
50,0.2509736895070945,50,21124,49,25,1,0.02,0.038461538461538464,0.02631578947368421,0.032467532467532464,weak_label_reference_only
100,0.237641604714785,100,21074,99,25,1,0.01,0.038461538461538464,0.015873015873015872,0.024509803921568627,weak_label_reference_only
250,0.21737795516033107,250,20925,248,24,2,0.008,0.07692307692307693,0.014492753623188406,0.02824858757062147,weak_label_reference_only
